,City,Lat,Lng,Max Temp,Humidity,Cloudiness,Wind Speed,Country
0,Rikitea,-23.12,-134.97,77.18,65,1,2.51,PF
1,Saint-Pierre,-21.34,55.48,77,73,9,17.22,RE
2,Jamestown,42.1,-79.24,33.01,92,90,5.82,US
3,Puteyets,65.17,57.09,32.72,92,68,8.03,RU
4,Piaçabuçu,-10.41,-36.43,80.89,81,6,8.05,BR
5,Shache,38.42,77.24,53.19,60,100,1.86,CN
6,Clyde River,70.47,-68.59,10.4,85,40,18.34,CA
7,Chapleau,47.84,-83.4,35.6,37,75,8.05,CA
8,Ossora,59.24,163.07,19.98,91,0,7.18,RU
9,Chui,-33.7,-53.46,64.42,77,2,6.64,UY
10,São Félix do Xingu,-6.64,-51.99,71.53,91,100,2.24,BR
11,Ahipara,-35.17,173.17,67.06,86,46,21.47,NZ
12,Poum,-20.23,164.02,78.55,76,100,10.58,NC
13,Hobart,-42.88,147.33,48.99,61,40,21.92,AU
14,Punta Arenas,-53.15,-70.92,57.2,47,66,11.41,CL
15,Shimoda,34.67,138.95,59,93,75,12.75,JP
16,Torbay,47.67,-52.73,39,40,75,11.41,CA
17,Albany,42.6,-73.97,50,22,100,10.02,US
18,Mar del Plata,-38,-57.56,71.01,52,65,11.41,AR
19,Bredasdorp,-34.53,20.04,55.4,76,100,3.36,ZA
20,San Patricio,19.22,-104.7,82.4,78,5,17.22,MX
21,New Norfolk,-42.78,147.06,48.99,81,66,1.01,AU
22,Bambous Virieux,-20.34,57.76,77,78,75,6.93,MU
23,Guane,22.2,-84.09,86.59,58,21,4.92,CU
24,Byron Bay,-28.65,153.62,69.8,94,75,9.17,AU
25,Robstown,27.79,-97.67,80.6,74,90,14.99,US
26,Port Hardy,50.7,-127.42,51.8,81,75,12.75,CA
27,Ushibukamachi,32.19,130.02,62.94,64,40,21.45,JP
28,Kennett,36.24,-90.06,71.01,56,100,17.22,US
29,Bundaberg,-24.85,152.35,70,94,93,4.7,AU
30,Vrangel',42.73,133.08,39.81,71,98,10.29,RU
31,Vaini,-21.2,-175.2,78.8,74,20,9.17,TO
32,Melo,-32.37,-54.18,65.84,67,62,6.33,UY
33,Busselton,-33.65,115.33,54,59,93,7.27,AU
34,Yellowknife,62.46,-114.35,26.6,58,75,11.41,CA
35,Morón,-34.65,-58.62,73.99,56,0,4.56,AR
36,Hermanus,-34.42,19.23,57,86,99,8.16,ZA
37,Lüderitz,-26.65,15.16,57.2,87,0,1.12,NA
38,Lewiston,44.1,-70.21,48,26,20,12.75,US
39,Mount Isa,-20.73,139.5,75.2,36,18,9.17,AU
40,Okha,53.57,142.95,25.63,97,100,17.25,RU
41,Chokurdakh,70.63,147.92,-10.97,90,10,3.76,RU
42,Isangel,-19.55,169.27,73.4,94,40,11.88,VU
43,Nanortalik,60.14,-45.24,29.55,91,100,18.07,GL
44,Santa Paula,34.35,-119.06,66,58,73,3,US
45,Thompson,55.74,-97.86,41,52,90,12.75,CA
46,Bluff,-46.6,168.33,51.01,90,78,5.01,NZ
47,Kloulklubed,7.04,134.26,77,88,75,8.05,PW
48,East London,-33.02,27.91,68,61,1,4.09,ZA
49,Rundu,-17.93,19.77,77,57,65,3.36,NA
50,Hilo,19.73,-155.09,78.8,61,90,4.7,US
51,Mahajanga,-15.72,46.32,77,73,20,6.93,MG
52,Turukhansk,65.82,87.98,34.11,89,65,8.03,RU
53,Mataura,-46.19,168.86,51.01,90,96,5.01,NZ
54,Fareydūnshahr,32.94,50.12,40.33,32,24,1.83,IR
55,Cabo San Lucas,22.89,-109.91,84.99,60,5,19.46,MX
56,Sitka,57.05,-135.33,48.2,81,1,4.7,US
57,Ushuaia,-54.8,-68.3,57.2,28,20,14.99,AR
58,Nouadhibou,20.93,-17.03,66.2,82,88,16.11,MR
59,Erenhot,43.65,111.98,47.32,32,100,10.65,CN
60,Botwood,49.15,-55.35,36,45,93,1.01,CA
61,Geraldton,-28.77,114.6,69.8,77,40,4.7,AU
62,Egvekinot,66.32,-179.17,12.16,89,99,15.9,RU
63,Thai Binh,20.45,106.33,75.2,88,100,5.82,VN
64,Motygino,58.18,94.76,32.2,90,41,4.14,RU
65,Ulaanbaatar,47.91,106.88,44.6,22,75,2.24,MN
66,Devils Lake,48.11,-98.87,50,31,1,19.46,US
67,Indianola,41.36,-93.56,46.4,61,75,14.99,US
68,Ponta do Sol,32.67,-17.1,61,64,12,1.99,PT
69,Semey,50.41,80.23,49.08,55,0,9.91,KZ
70,Kavieng,-2.57,150.8,81.45,76,97,4.32,PG
71,Atuona,-9.8,-139.03,82.11,74,72,13.42,PF
72,Fairlie,55.76,-4.86,46,74,51,5.01,GB
73,Saskylakh,71.92,114.08,-2.7,86,28,5.26,RU
74,Ballangen,68.34,16.83,35.6,59,93,17.22,NO
75,Parrita,9.52,-84.32,86,45,20,13.87,CR
76,Takoradze,4.88,-1.76,81.99,85,100,10.02,GH
77,Mabaruma,8.2,-59.78,82.76,63,3,8.7,GY
78,Cape Town,-33.93,18.42,64,77,96,11.41,ZA
79,Husavik,66.04,-17.34,46.4,65,27,31.09,IS
80,Tikhvin,59.65,33.53,33.58,94,99,8.9,RU
81,Puerto Ayora,-0.74,-90.35,78.8,94,75,10.29,EC
82,Kristiansund,63.11,7.73,37.4,59,44,8.05,NO
83,Kapaa,22.08,-159.32,78.8,78,75,6.93,US
84,Forsytheganj,52.63,29.73,36.18,76,1,9.62,BY
85,Kembé,4.62,21.89,78.13,57,63,2.86,CF
86,Piopio,-38.47,175.02,64,93,15,4,NZ
87,Butaritari,3.07,172.79,82.22,81,92,17.58,KI
88,Merauke,-8.47,140.33,76.86,90,98,6.62,ID
89,Kaitangata,-46.28,169.85,52,84,100,25.99,NZ
90,Amroha,28.92,78.47,75.97,35,32,9.04,IN
91,Paamiut,61.99,-49.67,27.66,91,90,9.62,GL
92,George Town,5.41,100.34,80.6,88,20,6.93,MY
93,Kirakira,-10.45,161.92,81.5,75,98,3.2,SB
94,Khatanga,71.97,102.5,6.31,91,0,12.17,RU
95,Yārāda,17.65,83.27,82.4,83,20,4.7,IN
96,Iqaluit,63.75,-68.51,10.4,66,75,3.36,CA
97,Makkah al Mukarramah,21.43,39.83,73.31,43,0,1.54,SA
98,Cherskiy,68.75,161.3,2.89,90,13,4.43,RU
99,Collie,-33.37,116.15,54,59,86,1.59,AU
100,Moctezuma,29.8,-109.67,84.16,12,59,23.62,MX
101,Korla,41.76,86.15,59.68,39,49,12.01,CN
102,Belaya Gora,68.53,146.42,-10.52,89,98,7.49,RU
103,Krasnoarmeysk,51.02,45.7,39.02,72,36,10.2,RU
104,Saint-Augustin,51.23,-58.65,29.16,93,100,10.31,CA
105,Hong Kong,22.29,114.16,73,78,100,4,HK
106,Qaanaaq,77.48,-69.36,17.87,85,0,0.72,GL
107,Hithadhoo,-0.6,73.08,83.91,76,69,7.56,MV
108,Gondanglegi,-7.75,112.01,75.24,88,92,0.51,ID
109,Esperance,-33.87,121.9,57.2,76,74,17.22,AU
110,Chiang Khong,20.26,100.4,77,83,96,3.36,TH
111,Buluang,13.31,123.34,77.41,87,2,6.73,PH
112,Provideniya,64.38,-173.3,29.07,96,100,17.16,RU
113,Naze,28.37,129.48,69.8,83,75,12.75,JP
114,San Cristobal,7.77,-72.22,87.8,52,40,6.93,VE
115,Port Alfred,-33.59,26.89,64,91,11,4,ZA
116,Katsuura,35.13,140.3,59,87,75,11.41,JP
117,Barrow,71.29,-156.79,10.4,85,90,17.22,US
118,Tete,-16.16,33.59,86,58,4,13.87,MZ
119,Hinton,53.4,-117.59,39.25,63,100,2.77,CA
120,Atherton,53.52,-2.49,48.99,62,75,7,GB
121,Agua Dulce,18.13,-94.13,89.6,66,40,11.41,MX
122,Portland,45.52,-122.68,73,22,20,5.82,US
123,Krasnyy Chikoy,50.36,108.75,40.46,63,92,5.7,RU
124,Cidreira,-30.18,-50.21,67.21,80,24,9.31,BR
125,Flinders,-34.58,150.86,57.99,63,0,8.99,AU
126,Jarabacoa,19.12,-70.64,90,49,20,6.93,DO
127,Marsabit,2.33,37.99,71.04,59,99,12.37,KE
128,Dingle,11,122.67,79.48,81,10,7.02,PH
129,Quatre Cocos,-20.21,57.76,77,78,75,6.93,MU
130,Nikolskoye,59.7,30.79,37.4,86,75,17.9,RU
131,Lakes Entrance,-37.88,147.98,37,91,76,20.18,AU
132,Castro,-24.79,-50.01,59.67,49,0,2.33,BR
133,San Quintín,30.48,-115.95,63.9,64,31,13.69,MX
134,Potchefstroom,-26.72,27.1,57.51,24,0,3.85,ZA
135,Marawi,8,124.29,65.64,65,2,4.41,PH
136,Pilot Butte,50.47,-104.42,57.2,22,90,17.22,CA
137,Pangnirtung,66.15,-65.71,6.8,77,90,12.75,CA
138,Airai,-8.93,125.41,61.25,73,46,2.35,TL
139,Port Elizabeth,-33.92,25.57,60.8,93,61,5.82,ZA
140,Upernavik,72.79,-56.15,24.67,90,0,2.24,GL
141,Saint-Philippe,-21.36,55.77,77,73,15,17.22,RE
142,Artyom,40.47,50.33,51.8,87,0,13.87,AZ
143,Flin Flon,54.77,-101.86,46.4,39,90,12.75,CA
144,Olafsvik,64.89,-23.71,42.49,85,97,25.5,IS
145,Danshui,22.8,114.47,73.99,100,100,2.62,CN
146,Touros,-5.2,-35.46,84.2,79,40,12.75,BR
147,Kruisfontein,-34,24.73,59.94,83,90,3.96,ZA
148,Meulaboh,4.14,96.13,78.82,82,100,5.26,ID
149,Catuday,16.29,119.81,79.11,79,96,4.7,PH
150,Avarua,-21.21,-159.78,80.6,74,54,4.7,CK
151,Kumul,42.8,93.45,59.05,24,2,7.31,CN
152,Tasiilaq,65.61,-37.64,35.65,92,100,27.56,GL
153,São João da Barra,-21.64,-41.05,77,65,26,14.99,BR
154,Sistranda,63.73,8.83,41,60,75,14.99,NO
155,Antropovo,58.4,43.01,33.44,91,100,6.58,RU
156,Santa Ana,33.75,-117.87,68,48,75,11.41,US
157,Dudinka,69.41,86.18,26.6,79,100,24.61,RU
158,Saryg-Sep,51.5,95.6,33.75,59,92,2.19,RU
159,Parakou,9.34,2.63,87.53,48,44,8.86,BJ
160,Bereda,43.27,-7.54,55,86,1,3,ES
161,Alcañiz,41.05,-0.13,57,92,100,5.44,ES
162,Menongue,-14.66,17.69,67.05,50,74,4.45,AO
163,Māngrol,21.12,70.12,79.99,62,0,11.23,IN
164,Taft,31.75,54.21,57.2,71,40,2.24,IR
165,Longyearbyen,78.22,15.64,33.8,69,75,2.24,SJ
166,Muzhi,65.37,64.67,32.25,96,68,10.54,RU
167,Bratsk,56.13,101.61,33.8,80,56,6.71,RU
168,Inírida,3.87,-67.92,87.87,56,8,3.42,CO
169,Carnarvon,-24.87,113.63,75.2,94,89,6.93,AU
170,Porirua,-41.13,174.85,62.01,88,33,14,NZ
171,Tuktoyaktuk,69.45,-133.04,15.8,85,90,9.17,CA
172,Pushkino,56.02,37.87,41,84,40,11.18,RU
173,Umluj,25.02,37.27,71.01,62,7,7.72,SA
174,Leningradskiy,69.38,178.42,12.15,94,95,6.24,RU
175,Purpe,64.48,76.69,36,83,100,19.71,RU
176,Bengkulu,-3.8,102.27,77.45,82,51,4.05,ID
177,Maumere,-8.62,122.21,80.56,77,37,2.68,ID
178,Vila Franca do Campo,37.72,-25.43,60.8,72,20,4.7,PT
179,Pevek,69.7,170.31,5.05,92,24,7.23,RU
180,Lima,-12.04,-77.03,78.8,61,54,9.17,PE
181,Lebu,-37.62,-73.65,63.14,86,100,7.07,CL
182,Malé,4.17,73.51,86,79,20,6.93,MV
183,Sumkino,58.11,68.32,47.17,85,98,9.22,RU
184,Cayenne,4.93,-52.33,77,94,93,7.54,GF
185,Wasilla,61.58,-149.44,46.99,81,40,1.03,US
186,Saint Paul Harbor,57.79,-152.41,44.6,87,90,13.87,US
187,Rujewa,-8.7,34.38,66.04,62,26,5.37,TZ
188,Kahului,20.89,-156.47,80.6,54,20,18.34,US
189,Atikokan,48.76,-91.62,42.98,48,15,9.8,CA
190,Mareeba,-17,145.43,73.4,94,63,2.24,AU
191,Corowa,-36.03,146.38,46.99,93,0,5.28,AU
192,Padang,-0.95,100.35,78.33,76,92,3.91,ID
193,Grand Gaube,-20.01,57.66,77,78,75,6.93,MU
194,Adolfo López Mateos,28.47,-107.3,77,5,12,15.99,MX
195,Mapastepec,15.43,-92.9,90.54,49,35,7.65,MX
196,Lipari,38.47,14.95,57.99,79,0,7,IT
197,Kincardine,56.07,-3.72,44.01,83,36,5.01,GB
198,Fort Smith,35.39,-94.4,52,71,90,9.17,US
199,Uvalde,29.37,-99.77,73,88,90,3.36,US
200,Ryōtsu-minato,38.08,138.43,50,93,100,6.62,JP
201,Lethbridge,49.7,-112.82,60.8,29,75,18.34,CA
202,Port-Cartier,50.03,-66.87,33.01,87,75,18.34,CA
203,Hasaki,35.73,140.83,55.4,93,75,11.41,JP
204,Maiduguri,11.85,13.16,81.77,10,0,8.32,NG
205,Vostok,46.49,135.88,37.08,63,100,2.35,RU
206,Sumbe,-11.21,13.84,77.58,86,69,1.7,AO
207,Jadu,31.95,12.03,68.58,42,66,8.93,LY
208,Praia,14.92,-23.51,73.4,64,20,19.46,CV
209,Ngunguru,-35.62,174.5,62.01,97,58,1.01,NZ
210,Laas,46.62,10.7,46.4,61,20,2.24,IT
211,Anloga,5.79,0.9,84.2,89,40,8.05,GH
212,Mayo,38.89,-76.51,55,62,90,18.34,US
213,Whitehorse,60.72,-135.05,48.2,45,75,5.82,CA
214,Caravelas,-17.71,-39.25,78.44,86,83,14.92,BR
215,Marsh Harbour,26.54,-77.06,75.45,84,99,18.21,BS
216,Singaraja,-8.11,115.09,82.02,76,45,4.54,ID
217,La Palma,33.85,-118.05,69.01,45,40,10.29,US
218,Bethel,41.37,-73.41,48.99,33,40,11.41,US
219,Kichmengskiy Gorodok,59.98,45.79,34.38,92,99,3.38,RU
220,Severo-Kuril'sk,50.68,156.12,30.4,95,100,14.97,RU
221,Matagami,49.75,-77.63,32,82,90,9.17,CA
222,Azul,-36.78,-59.86,73.99,46,0,3,AR
223,Yar-Sale,66.83,70.83,36.82,97,100,22.73,RU
224,Khrebtovaya,56.7,104.25,25.63,92,100,9.44,RU
225,Namatanai,-3.67,152.43,81.07,75,100,2.01,PG
226,San Andrés,12.58,-81.7,87.8,62,20,13.87,CO
227,Belyy Yar,53.6,91.39,33.8,80,54,4.47,RU
228,Ji’an,27.12,114.98,66.94,86,63,4.36,CN
229,Santa Marinella,42.03,11.85,57.2,93,20,1.12,IT
230,Oriximiná,-1.77,-55.87,82.62,75,34,3.02,BR
231,Lompoc,34.64,-120.46,60.8,72,90,14.99,US
232,Opuwo,-18.06,13.84,75.25,27,67,3.22,NA
233,Chicama,-7.84,-79.15,71.6,83,75,12.75,PE
234,Rāvar,31.27,56.81,63.18,34,85,1.61,IR
235,Ixtapa,20.7,-105.2,80.6,47,40,11.41,MX
236,Coquimbo,-29.95,-71.34,62.6,77,0,13.87,CL
237,Yerbogachën,61.28,108.01,13.95,92,11,8.12,RU
238,Yulara,-25.24,130.99,68,45,53,9.17,AU
239,Kothi,24.75,80.78,83.89,17,4,3.98,IN
240,Guérande,47.33,-2.43,59,93,55,3.36,FR
241,Sulphur Springs,33.14,-95.6,60.01,76,90,14.99,US
242,Saint-Joseph,-21.37,55.62,77,73,11,17.22,RE
243,Sur,22.57,59.53,81.28,62,0,4.09,OM
244,Xaçmaz,41.46,48.81,49.59,74,70,7.14,AZ
245,Kodīnar,20.79,70.7,82.02,48,0,14.03,IN
246,Usogorsk,63.41,48.69,34.02,93,100,5.37,RU
247,Damulog,7.48,124.94,70.48,74,11,3.65,PH
248,Faanui,-16.48,-151.75,82.63,70,100,6.73,PF
249,Usinsk,65.99,57.53,30.42,96,32,10.22,RU
250,Pirapozinho,-22.28,-51.5,66.99,64,45,4.05,BR
251,Havre-St-Pierre,50.23,-63.6,30.2,54,1,23.04,CA
252,Talnakh,69.49,88.4,26.6,79,98,24.61,RU
253,Sedona,34.87,-111.76,70,19,1,12.75,US
254,Margate,51.38,1.39,48.99,89,100,23.76,GB
255,Dikson,73.51,80.55,9.55,92,2,8.34,RU
256,Najrān,17.49,44.13,73.4,60,20,9.17,SA
257,Zilupe,56.39,28.12,33.8,84,40,9.89,LV
258,Lavrentiya,65.58,-171,27.73,96,98,12.77,RU
259,Fort Nelson,58.81,-122.7,42.8,56,90,13.87,CA
260,Kalianget,-7.05,113.93,82.06,77,94,4.92,ID
261,Souillac,-20.52,57.52,77,78,75,6.93,MU
262,Hofn,64.25,-15.21,44.6,93,90,12.75,IS
263,Isabela,6.71,121.97,79.18,78,31,0.2,PH
264,West Bay,19.37,-81.42,86,74,20,6.93,KY
265,Aswān,24.09,32.91,75.2,23,77,10.29,EG
266,Bolshaya Sosnova,57.67,54.6,38.17,91,100,7.34,RU
267,Morondava,-20.28,44.28,78.42,81,0,8.52,MG
268,Yurimaguas,-5.9,-76.08,73.4,94,40,4.7,PE
269,Mashhad,36.3,59.61,57.2,50,100,9.17,IR
270,Ancud,-41.87,-73.82,59,100,90,4.7,CL
271,Narsaq,60.92,-46.05,30.2,74,100,12.75,GL
272,Yumen,40.28,97.2,45.1,31,74,1.61,CN
273,Zheleznodorozhnyy,55.75,38,41,74,42,8.95,RU
274,Leshukonskoye,64.9,45.76,33.44,96,100,5.91,RU
275,Saint George,37.1,-113.58,72,24,1,6.93,US
276,Blagoyevo,63.37,47.92,33.64,94,100,4.81,RU
277,Moyale,3.52,39.06,69.01,68,70,3.53,KE
278,Kwang Binh,17.48,106.6,75.63,85,91,4.09,VN
279,Mahanoro,-19.9,48.8,74.59,79,3,4.65,MG
280,Srednekolymsk,67.45,153.68,-3.14,91,99,10.25,RU
281,Birjand,32.87,59.22,55.4,54,40,11.41,IR
282,Foz,43.57,-7.25,55,1,0,5.06,ES
283,Klaksvík,62.23,-6.59,41,80,5,3.36,FO
284,Lake Shasta,40.68,-122.37,80.01,18,56,4.36,US
285,Dwārka,22.24,68.97,80.15,77,0,15.14,IN
286,Santa Vitória do Palmar,-33.52,-53.37,64.76,76,2,7.47,BR
287,Grindavik,63.84,-22.43,44.6,87,75,26.4,IS
288,Belmonte,-15.86,-38.88,80.6,78,75,4.7,BR
289,Mana,5.66,-53.78,80.58,79,68,8.79,GF
290,Tripoli,32.88,13.19,65.68,73,17,14.52,LY
291,Hambantota,6.12,81.12,82.27,77,11,4.9,LK
292,Qasigiannguit,68.82,-51.19,30.2,63,97,6.93,GL
293,Fukuechō,32.69,128.84,61.16,59,70,23.85,JP
294,Warri,5.52,5.75,79.97,88,67,4.23,NG
295,Gamba,-2.65,10,77.05,90,100,10.27,GA
296,Klerksdorp,-26.85,26.67,54.84,23,0,2.08,ZA
297,Wattegama,6.8,81.48,75.92,87,17,1.21,LK
298,Mahébourg,-20.41,57.7,77,78,75,6.93,MU
299,Dakar,14.69,-17.44,71.6,88,14,18.34,SN
300,Río Gallegos,-51.62,-69.22,57.2,50,0,16.11,AR
301,Marsá Maţrūḩ,31.35,27.25,60.8,77,20,4.7,EG
302,Alberton,46.82,-64.07,43,13,95,2.66,CA
303,Tiksi,71.69,128.87,0.34,86,100,4.23,RU
304,São Filipe,14.9,-24.5,71.13,74,27,20.8,CV
305,Christchurch,-43.53,172.63,57,100,100,11.41,NZ
306,Colombo,6.93,79.85,79.11,86,4,6.13,LK
307,Norman Wells,65.28,-126.83,35.6,69,75,13.87,CA
308,Pisco,-13.7,-76.22,78.8,61,58,24.16,PE
309,Alyangula,-13.85,136.42,71.6,100,87,0.4,AU
310,Iralaya,15,-83.23,91.4,70,20,9.17,HN
311,Dzilam González,21.28,-88.93,91.24,43,3,13.82,MX
312,Zeya,53.75,127.27,23.77,77,2,6.51,RU
313,Hokitika,-42.72,170.97,56.39,77,99,17.34,NZ
314,Chu,43.6,73.76,48.99,52,0,3.31,KZ
315,Crotone,39.09,17.12,57.15,72,0,2.46,IT
316,Chumikan,54.72,135.31,25.86,92,100,4.52,RU
317,Kabare,-2.47,28.82,61.18,59,95,1.43,CD
318,Vao,-22.67,167.48,74.61,70,27,7.63,NC
319,Praia da Vitória,38.73,-27.07,60.8,82,20,7.4,PT
320,Megion,61.03,76.11,44.6,65,100,13.42,RU
321,Bam,29.11,58.36,67.08,34,100,1.34,IR
322,Araguaçu,-12.93,-49.83,78.37,79,51,1.43,BR
323,Port Lincoln,-34.73,135.87,59.95,75,98,5.82,AU
324,Camacha,33.08,-16.33,62.6,72,20,8.05,PT
325,Codrington,-38.27,141.97,54.73,77,100,9.53,AU
326,Oswego,43.45,-76.15,44.6,30,40,9.17,US
327,Stryn,61.9,6.72,30,70,21,1.01,NO
328,Kieta,-6.22,155.63,80.13,76,92,1.39,PG
329,Salalah,17.02,54.09,82.4,74,20,3.36,OM
330,Wangkui,46.83,126.5,46.38,48,0,4.43,CN
331,Saldanha,-33.01,17.94,60.8,67,70,8.05,ZA
332,Monrovia,6.3,-10.8,82.26,87,100,9.6,LR
333,Sosnogorsk,63.6,53.88,34.12,94,100,6.13,RU
334,Iracoubo,5.48,-53.2,81.14,79,76,11.43,GF
335,Bubaque,11.28,-15.83,80.65,67,21,24.79,GW
336,Haverfordwest,51.8,-4.97,53.01,93,97,9.17,GB
337,Alacranes,22.77,-81.57,91.4,49,20,16.11,CU
338,Aklavik,68.22,-135.01,32,99,90,8.05,CA
339,Lensk,60.73,114.93,11.21,91,1,5.73,RU
340,Beaupré,47.04,-70.9,36.43,75,96,12.39,CA
341,Solnechnyy,50.72,136.63,33.71,77,43,3.36,RU
342,Rincon,32.3,-81.24,75.2,50,75,13.87,US
343,Ratholo,-22.72,27.57,67.96,59,26,13.65,BW
344,Kawalu,-7.38,108.21,72.66,76,56,2.01,ID
345,Ruska Poliana,49.42,31.92,43.32,64,28,8.86,UA
346,Assiut,27.18,31.18,69.8,52,97,11.41,EG
347,Rafai,4.95,23.92,76.35,45,60,3.87,CF
348,Simbahan,6.3,120.58,82.72,75,62,3.47,PH
349,Kysyl-Syr,63.9,122.76,-0.44,90,61,8.05,RU
350,Coyhaique,-45.58,-72.07,59,51,75,4.7,CL
351,Teknāf,20.86,92.31,75.9,88,78,6.33,BD
352,Dunedin,-45.87,170.5,51.01,97,100,3,NZ
353,Ribeira Grande,38.52,-28.7,60.8,67,20,8.05,PT
354,Gimli,50.63,-96.99,50,37,51,13,CA
355,College,64.86,-147.8,45,60,90,2.21,US
356,Khanbari,27.37,87.2,67.8,43,92,2.06,NP
357,Standerton,-26.93,29.24,51.89,42,0,4.29,ZA
358,Maraã,-1.83,-65.37,82.24,83,65,2.55,BR
359,Hamilton,39.18,-84.53,53.01,76,90,18.34,US
360,Kapan,39.21,46.41,50.61,52,0,2.37,AM
361,Sekoma,-24.4,23.88,71.08,19,14,7.92,BW
362,Beloha,-25.17,45.05,73.2,67,0,3.22,MG
363,Arraial do Cabo,-22.97,-42.03,73.4,78,75,10.29,BR
364,Dzhebariki-Khaya,62.22,135.8,-2.43,88,78,1.52,RU
365,Three Hills,51.7,-113.27,38.93,71,100,13.49,CA
366,Chapais,49.78,-74.85,24.8,85,90,8.05,CA
367,Sestri Levante,44.27,9.4,57,85,66,4.5,IT
368,Woodward,36.43,-99.39,54,43,1,5.82,US
369,Berlevåg,70.86,29.09,33.8,87,75,25.28,NO
370,Laguna,38.42,-121.42,70,55,1,12.75,US
371,Jurm,36.86,70.83,48.02,39,100,3.04,AF
372,Konya Province,38.17,32.5,50,76,0,1.12,TR
373,Shingū,33.73,135.98,60.4,85,100,19.3,JP
374,Salinópolis,-0.61,-47.36,79.7,80,100,0.4,BR
375,Zhangjiakou,40.81,114.88,45.86,40,91,0.47,CN
376,Guerrero Negro,27.98,-114.06,72,45,67,13.91,MX
377,Mayumba,-3.43,10.66,79.05,85,99,7.56,GA
378,Cham,47.18,8.46,64.4,52,75,1.12,CH
379,Chopinzinho,-25.86,-52.52,62.73,56,52,3.42,BR
380,Tuatapere,-46.13,167.68,51.01,90,98,5.01,NZ
381,Yokadouma,3.52,15.05,72.05,81,65,0.56,CM
382,Toyooka,35.53,134.83,56.3,88,100,1.19,JP
383,Francistown,-21.17,27.51,75.2,69,40,9.17,BW
384,Tegul'det,57.31,88.17,30.92,95,0,3.11,RU
385,Comodoro Rivadavia,-45.87,-67.5,80.6,36,75,17.22,AR
386,Kenitra,34.26,-6.58,64.99,82,20,6.93,MA
387,Dawei,14.08,98.2,77.95,76,99,4.54,MM
388,Cartagena,10.4,-75.51,89.6,59,20,16.11,CO
389,Eurajoki,61.2,21.73,39.2,64,0,12.75,FI
390,Lázaro Cárdenas,17.96,-102.2,87.89,41,99,10.11,MX
391,Itoman,26.12,127.67,71.6,83,20,8.05,JP
392,Cherdyn',60.4,56.48,31.95,91,91,6.42,RU
393,Oranjemund,-28.55,16.43,58.37,88,66,5.08,NA
394,Parabel',58.7,81.48,39.02,81,100,10.56,RU
395,Anadyr,64.75,177.48,10.4,85,75,15.66,RU
396,Mbandaka,0.05,18.26,75.02,84,95,2.33,CD
397,Makakilo City,21.35,-158.09,82.4,54,40,10.29,US
398,Champerico,14.3,-91.92,91.4,52,75,16.11,GT
399,Jūybār,36.64,52.91,50,93,56,2.24,IR
400,Kudahuvadhoo,2.67,72.89,85.33,71,17,8.28,MV
401,Kittery,43.09,-70.74,50,21,75,16.11,US
402,Jardim,-21.48,-56.14,71.74,51,88,4.23,BR
403,Brønnøysund,65.46,12.2,37.4,86,75,4.7,NO
404,Tabou,4.42,-7.35,80.8,87,97,10.18,CI
405,Port Moresby,-9.44,147.18,75.2,100,40,5.82,PG
406,Havelock,34.88,-76.9,69.01,42,63,15.99,US
407,Malbork,54.04,19.03,37,84,16,1.28,PL
408,Paratebueno,4.38,-73.22,78.8,74,75,2.64,CO
409,‘Āhuimanu,21.44,-157.84,82.4,54,1,9.17,US
410,Chany,55.31,76.76,46.72,70,0,12.3,RU
411,Brownwood,31.71,-98.99,48.2,66,90,11.41,US
412,Calella,41.62,2.67,61,90,91,3.6,ES
413,Launceston,-41.45,147.17,48.2,57,40,9.17,AU
414,Vila,42.03,-8.16,53.6,93,20,10.29,PT
415,Esso,55.93,158.7,22.95,86,13,4.03,RU
416,Guaymas,27.93,-110.9,88,42,5,11.41,MX
417,Mehamn,71.04,27.85,37.4,88,90,21.92,NO
418,Khani,41.96,42.96,46.4,93,81,3.36,GE
419,Evensk,61.95,159.23,13.3,88,7,7.85,RU
420,Ibrā’,22.69,58.53,78.91,45,0,5.53,OM
421,Upington,-28.45,21.26,68,16,0,4.7,ZA
422,Zholymbet,51.74,71.71,48.31,49,2,9.04,KZ
423,Novobiryusinskiy,56.96,97.71,32.85,87,65,6.11,RU
424,Dukat,62.55,155.55,0.32,83,97,4.43,RU
425,Staryy Nadym,65.61,72.68,38.43,96,100,22.01,RU
426,Mazatlán,23.22,-106.42,84.2,25,40,6.93,MX
427,Carutapera,-1.2,-46.02,79.61,79,100,4.76,BR
428,Brigantine,39.41,-74.36,51.8,43,1,14.99,US
429,Beni Mazar,28.5,30.8,68.27,44,12,16.51,EG
430,Kyshtovka,56.55,76.63,46.78,72,84,12.35,RU
431,Zachepylivka,49.19,35.24,43.09,59,0,5.03,UA
432,Teya,60.38,92.63,31.57,89,40,0.25,RU
433,Mercedes,-34.65,-59.43,75.99,48,0,1.01,AR
434,Mossamedes,-15.2,12.15,74.21,64,29,4.52,AO
435,Stephenville,32.22,-98.2,53.01,71,90,14.99,US
436,Mogadishu,2.04,45.34,84.22,74,100,8.84,SO
437,Bariloche,-41.15,-71.31,62.6,77,75,19.46,AR
438,Bukama,-9.2,25.85,71.76,76,97,0.85,CD
439,Lincoln,40.8,-96.67,43,65,1,10.29,US
440,Ankazoabo,-22.28,44.52,71.2,65,0,2.8,MG
441,Nyagan,62.14,65.39,32.61,94,78,6.96,RU
442,Necochea,-38.55,-58.74,75.99,53,43,10,AR
443,Fethiye,36.62,29.12,57.2,87,2,4.7,TR
444,Bandarbeyla,9.49,50.81,81.63,75,23,10.2,SO
445,Saskatoon,52.12,-106.63,44.6,83,75,11.41,CA
446,Vardø,70.37,31.11,35.6,96,75,18.34,NO
447,Valença,-13.37,-39.07,76.73,91,16,2.55,BR
448,Faya,18.39,42.45,64.4,82,0,5.82,SA
449,Vallenar,-28.57,-70.76,79.74,28,0,7.47,CL
450,Darnah,32.77,22.64,59.29,78,2,11.56,LY
451,Azare,11.68,10.19,81.25,10,0,9.62,NG
452,Chunhuhub,19.55,-88.68,98.89,24,0,8.88,MX
453,Mapiri,-15.25,-68.17,77.7,37,70,3.18,BO
454,São Sebastião,-23.76,-45.41,71.62,64,95,6.11,BR
455,Teseney,15.11,36.66,78.22,12,0,7.49,ER
456,Emba,48.83,58.14,47.46,64,55,15.7,KZ
457,Muros,42.78,-9.06,59,81,11,5.01,ES
458,Oltu,40.55,42,50.29,33,1,2.93,TR
459,Nemuro,43.32,145.57,39.22,81,0,10.51,JP
460,Port Blair,11.67,92.75,82.81,72,50,2.19,IN
461,Farah,32.5,62.5,59.56,40,0,1.28,AF
462,Chamrajnagar,11.92,76.95,75.7,57,60,1.25,IN
463,Khāsh,28.22,61.22,61.68,39,97,2.93,IR
464,Turhal,40.39,36.08,46.4,65,82,4.7,TR
465,Warmbad,-28.45,18.73,70.07,17,6,10.87,NA
466,Qaqortoq,60.72,-46.03,30.2,74,100,12.75,GL
467,Iquitos,-3.75,-73.25,78.8,83,75,6.93,PE
468,Lobito,-12.35,13.55,78.24,83,44,3.09,AO
469,Kununurra,-15.77,128.73,73.4,94,54,3.36,AU
470,Kayunga,0.7,32.89,66.22,71,91,0.87,UG
471,Bandar-e Lengeh,26.56,54.88,74.91,71,5,9.04,IR
472,Inuvik,68.35,-133.72,26.6,86,90,4.7,CA
473,Port Hueneme,34.15,-119.2,66.2,55,75,10.29,US
474,Novorzhev,57.03,29.33,35.08,83,64,9.53,RU
475,Vredendal,-31.67,18.5,64.36,55,12,2.53,ZA
476,Pemba,-12.97,40.52,79.63,83,1,11.97,MZ
477,Constitución,-35.33,-72.42,66.78,60,100,11.88,CL
478,Remedios,22.49,-79.55,93.2,44,20,16.11,CU
479,Hobyo,5.35,48.53,84.4,73,91,9.98,SO
480,Fairbanks,64.84,-147.72,45,75,90,2.19,US
481,Lazarev,52.23,141.51,27.34,97,89,16.06,RU
482,Walvis Bay,-22.96,14.51,59,87,0,4.7,NA
483,Sisimiut,66.94,-53.67,27.5,93,80,16.2,GL
484,Krasnoznamensk,55.6,37.04,33.8,80,84,8.95,RU
485,Banjar,-8.19,114.97,80.6,94,20,3.36,ID
486,Paraty,-23.22,-44.71,72.23,67,97,6.02,BR
487,Adré,13.47,22.2,74.53,11,0,10.8,TD
488,Lewisporte,49.25,-55.05,33.8,47,75,10.29,CA
489,Bilma,18.69,12.92,82.83,12,0,6.2,NE
490,Imbituba,-28.24,-48.67,73.4,64,40,16.11,BR
491,Neuquén,-38.95,-68.06,89.6,15,19,8.05,AR
492,Adrar,20.5,-10.07,92.7,19,100,3.18,MR
493,Muyezerskiy,63.93,31.65,30.83,93,77,10.45,RU
494,Tiznit Province,29.58,-9.5,58.42,61,14,3.78,MA
495,Verkhnevilyuysk,63.45,120.32,3.43,93,6,4.85,RU
496,Oodweyne,9.41,45.06,76.77,50,56,9.89,SO
497,Verkh-Usugli,52.7,115.17,33.98,56,99,3.58,RU
498,San Luis,-33.3,-66.34,74.93,29,0,21.83,AR
499,Nālūt,30.33,10.85,78.03,26,17,17.65,LY
500,Lorengau,-2.02,147.27,81.64,76,72,3.04,PG
501,Guadalupe y Calvo,26.1,-106.97,71.44,9,0,18.5,MX
502,Suntar,62.14,117.63,9.52,93,4,4.14,RU
503,Prykolotne,50.16,37.35,38.88,67,1,7.7,UA
504,Goderich,43.75,-81.72,42.01,66,100,8.63,CA
505,Ambilobe,-13.2,49.05,75.22,72,44,9.33,MG
506,Lesosibirsk,58.24,92.48,31.71,95,0,2.35,RU
507,Thinadhoo,0.53,72.93,84.47,74,3,8.59,MV
508,Patacamaya,-17.23,-67.92,49.53,19,73,3.78,BO
509,Itupiranga,-5.13,-49.33,84.2,79,75,5.82,BR
510,Jega,12.22,4.38,92.55,9,29,5.19,NG
511,Fortuna,40.6,-124.16,57.99,100,75,10.29,US
512,Chunoyar,57.45,97.32,32.67,88,91,6.89,RU
513,Katangli,51.71,143.23,31.48,96,48,6.58,RU
514,Brae,60.4,-1.35,42.8,81,20,6.93,GB
515,Broome,42.25,-75.83,39,74,90,10.29,US
516,Scottsbluff,41.87,-103.67,48.2,39,1,18.34,US
517,Chipping Sodbury,51.54,-2.39,51.01,87,100,1.01,GB
518,Lumby,50.25,-118.97,59,31,100,15.99,CA
519,Hanover,52.37,9.73,53.01,53,0,8.05,DE
520,Al Bardīyah,31.76,25.09,59.52,71,0,5.91,LY
521,Loei,17.42,101.5,65.5,74,100,3.87,TH
522,Lagoa,39.05,-27.98,60.15,71,17,7.9,PT
523,Bograd,54.23,90.83,33.8,80,17,4.47,RU
524,Camaná,-16.62,-72.71,74.84,65,95,8.52,PE
525,Petropavlovsk-Kamchatskiy,53.05,158.65,30.2,86,0,4.47,RU
526,Beringovskiy,63.05,179.32,19.31,96,99,22.03,RU
527,Kargat,55.2,80.28,40.75,85,0,8.41,RU
528,Luau,-10.71,22.22,67.51,69,100,2.98,AO
529,Coxim,-18.51,-54.76,77.7,67,33,4.59,BR
530,Gravelbourg,49.88,-106.55,52.27,44,100,19.77,CA
531,Disna,55.57,28.2,33.82,84,22,11.45,BY
532,Oussouye,12.48,-16.55,91.4,43,0,6.93,SN
533,Talcahuano,-36.72,-73.12,69.8,73,40,5.82,CL
534,Huai'an,33.59,119.02,48.18,74,59,6.8,CN
535,La Ronge,55.1,-105.28,44.6,52,90,13.87,CA
536,Anchorage,61.22,-149.9,42.01,86,90,5.82,US
537,Caucayá,-0.19,-74.78,77.65,87,97,4.23,CO
538,Taywarah,33.35,64.42,38.97,29,0,2.93,AF
539,Jiaocheng,24.68,116.14,66.25,80,76,1.28,CN
540,Rawson,-43.3,-65.1,81.5,33,39,11.14,AR
541,Bagdarin,54.43,113.6,34.7,61,100,3.27,RU
542,Stokmarknes,68.56,14.91,36,69,20,4.7,NO
543,Visby,57.64,18.3,35.6,80,63,5.82,SE
544,Tromsø,69.65,18.96,35.6,69,75,34.45,NO
545,Vorotynsk,54.43,36.05,35.6,80,85,8.95,RU
546,Santa Cruz de la Sierra,-17.8,-63.17,87.8,27,7,14.99,BO
547,Atambua,-9.11,124.89,75.04,82,34,4.63,ID
548,Marrakesh,31.63,-8.01,69.8,52,40,10.29,MA
549,Marzuq,14.4,46.47,75.18,46,93,6.15,YE
550,Edinburgh,55.95,-3.2,42.8,75,27,11.41,GB
551,Rumoi,43.93,141.64,40.24,68,81,10.71,JP
552,Presidencia Roque Sáenz Peña,-26.79,-60.44,73.42,36,0,3.33,AR
553,Harper,4.38,-7.72,81.37,85,91,10.33,LR
554,Yichang,30.71,111.28,55.96,74,100,2.55,CN
555,Khuzhir,53.19,107.34,32.94,75,29,7.74,RU
556,Inhambane,-23.86,35.38,75.2,83,20,10.31,MZ
557,Lucena City,13.93,121.62,80.01,90,55,2.82,PH
558,Kaeo,-35.1,173.78,62.01,94,81,8.99,NZ
559,Benghazi,32.12,20.07,60.75,73,0,11.95,LY
560,Port Hedland,-20.32,118.57,77,94,100,5.82,AU
561,Yaan,7.38,8.57,85.6,60,79,12.48,NG
562,Aykhal,66,111.5,3.2,59,30,6.71,RU
563,Kuopio,62.89,27.68,33.8,88,75,14.99,FI
564,Iwanai,42.97,140.51,40.37,68,74,8.23,JP
565,Maniitsoq,65.42,-52.9,27.64,92,100,8.23,GL
566,Dumas,35.87,-101.97,52,39,1,8.05,US
567,Alekseyevsk,57.84,108.35,23.23,87,99,13.44,RU
568,Arrondissement de Morlaix,48.58,-4,55.4,93,96,3.36,FR
569,Kaduy,59.2,37.15,31.44,94,99,7.61,RU
570,Poso,-1.4,120.75,78.48,67,31,2.24,ID
571,Sucúa,-2.47,-78.17,71.6,78,75,5.82,EC
572,Villazón,-22.09,-65.59,53.24,18,19,14.2,BO
573,Mattru,7.62,-11.83,78.89,88,99,5.26,SL
574,Two Rivers,44.15,-87.57,44.01,52,90,20.8,US
575,Karlskrona,56.16,15.59,41,41,0,5.82,SE
576,Lata,40.16,-8.33,59,81,0,1.28,PT
577,Tilichiki,60.47,166.1,10.99,92,1,9.8,RU
578,Ilulissat,69.22,-51.1,30.2,63,98,6.93,GL
579,Yuli,9.7,10.27,90.82,10,0,0.67,NG
580,Oyem,1.6,11.58,70.39,82,98,2.55,GA
